{"controlPoints":[{"x":0.05000000074505806,"y":-0.5699999928474426,"z":6.309999942779541},{"x":-6.949999809265137,"y":-0.5699999928474426,"z":5.370174407958984},{"x":-9.623371124267579,"y":-0.5699999928474426,"z":-6.806924343109131},{"x":0.05000000074505806,"y":-0.5699999928474426,"z":-7.690000057220459}]}